142.59,-10.779
142.71,-10.797
142.57,-10.824
142.58,-10.835
142.69,-10.82
142.72,-10.821
142.76,-10.821
142.93,-10.808
142.98,-10.8
142.69,-10.887
142.7,-10.89
142.77,-10.901
142.63,-10.921
143.09,-10.775
142.56,-10.71
142.6,-10.704
142.6,-10.709
142.59,-10.715
142.62,-10.728
142.62,-10.747
142.6,-10.739
142.62,-10.724
142.63,-10.719
142.67,-10.701
142.69,-10.712
142.69,-10.717
142.74,-10.68
142.79,-10.683
142.73,-10.705
142.61,-10.758
142.63,-10.771
143.8,-10.803
144.01,-10.805
144,-10.824
143.82,-10.825
143.76,-10.846
144.01,-10.845
143.98,-10.866
142.71,-10.937
142.71,-10.948
142.77,-10.99
143.25,-10.684
143.43,-10.697
143.47,-10.697
143.19,-10.732
143.34,-10.735
143.09,-10.752
143.37,-10.752
143.32,-10.757
143.41,-10.776
143.35,-10.806
143.34,-10.838
143.46,-10.941
143.3,-10.839
143.4,-10.849
143.24,-10.853
143.24,-10.895
143.21,-10.898
143.18,-10.907
143.29,-10.904
143.38,-10.905
143.31,-10.915
143.3,-10.932
143.22,-10.932
143.24,-10.947
143.16,-10.95
143.13,-10.952
143.36,-10.939
143.4,-10.964
143.43,-10.968
143.13,-10.987
143.51,-10.906
143.96,-10.688
143.79,-10.703
143.96,-10.71
143.96,-10.725
143.98,-10.723
143.52,-10.693
143.96,-10.734
143.97,-10.74
143.98,-10.755
143.61,-10.742
143.74,-10.742
143.51,-10.77
143.69,-10.789
143.72,-10.77
143.84,-10.767
143.98,-10.778
143.99,-10.786
143.99,-10.794
144.01,-10.951
143.51,-10.945
144,-10.836
144.01,-10.83
142.57,-10.722
142.58,-10.73
142.58,-10.799
142.55,-10.832
142.6,-10.757
143.38,-10.84
143.45,-10.898
143.55,-10.931
143.63,-10.976
143.71,-10.942
143.77,-11.013
143.78,-10.984
143.96,-10.742
144,-10.935
144.03,-10.913
142.74,-10.811
142.75,-10.993
143.95,-10.685
143.99,-10.86
143.66,-10.856
143.71,-10.859
143.79,-10.87
143.47,-10.805
143.59,-10.852
144.01,-10.887
143.55,-10.896
144.02,-10.927
143.57,-10.912
144.02,-10.964
144.03,-10.966
143.47,-10.882
144.04,-10.997
144.02,-10.986
144.01,-11.008
144.01,-11.018
144,-11.018
143.36,-10.99
143.29,-10.987
143.66,-10.904
143.76,-10.9
143.53,-10.914
143.1,-11.174
142.99,-11.007
142.76,-11.025
142.78,-11.07
142.84,-11.159
142.81,-11.186
142.81,-11.194
142.82,-11.232
142.82,-11.249
142.87,-11.257
142.93,-11.25
142.83,-11.29
142.83,-11.294
142.87,-11.373
142.97,-11.385
142.94,-11.435
142.84,-11.424
143.24,-11.023
143.33,-11.028
143.36,-11.032
143.47,-11.028
143.38,-11.039
143.37,-11.059
143.47,-11.048
143.4,-11.075
143.32,-11.079
143.09,-11.07
143.03,-11.117
143,-11.129
143.49,-11.107
143.25,-11.129
143.44,-11.144
143.22,-11.142
143.42,-11.161
143.39,-11.184
143.39,-11.204
143.55,-11.368
143.34,-11.361
143.16,-11.377
143.07,-11.37
143.07,-11.39
143.04,-11.385
143.17,-11.434
143.04,-11.454
143.03,-11.182
143.2,-11.184
143.32,-11.215
143,-11.243
143.26,-11.241
143.15,-11.271
143.03,-11.289
143.05,-11.287
143.2,-11.295
143.28,-11.297
143.37,-11.277
143.49,-11.271
143.13,-11.319
143.13,-11.342
143.41,-11.329
143.54,-11.254
144,-11.283
144.01,-11.282
144,-11.295
143.98,-11.295
143.98,-11.309
143.4,-11.505
143.27,-11.462
143.31,-11.397
143.38,-11.46
143.44,-11.431
143.12,-11.468
143.16,-11.472
143.08,-11.482
143.04,-11.489
143.03,-11.498
143.5,-10.978
143.59,-11.016
143.66,-11.095
143.58,-11.151
143.69,-11.157
143.53,-11.148
143.59,-11.207
143.71,-11.192
143.8,-11.315
143.68,-11.253
143.82,-11.256
143.64,-11.474
143.71,-11.466
143.93,-11.476
144.02,-11.475
143.9,-11.478
143.92,-11.492
143.95,-11.483
143.86,-11.49
143.54,-11.499
144,-11.031
144.02,-11.039
144.02,-11.049
144.03,-11.055
144.04,-11.069
144.04,-11.103
144.03,-11.132
144.03,-11.141
144.06,-11.146
143.96,-11.322
143.98,-11.328
143.51,-11.308
143.67,-11.305
143.96,-11.348
143.95,-11.356
143.96,-11.361
143.98,-11.364
143.95,-11.364
143.94,-11.372
143.96,-11.371
143.96,-11.383
143.98,-11.391
143.96,-11.392
143.59,-11.336
143.96,-11.402
143.72,-11.371
143.77,-11.401
143.96,-11.412
143.97,-11.416
143.98,-11.421
143.97,-11.427
143.77,-11.423
143.54,-11.424
143.77,-11.458
143.51,-11.466
143.97,-11.463
143.52,-11.553
143.23,-11.58
144.06,-11.185
144.04,-11.192
144.05,-11.201
144.05,-11.21
144.06,-11.218
144.07,-11.261
144.01,-11.264
144.02,-11.269
144.02,-11.262
144.03,-11.276
144.03,-11.279
144.04,-11.276
144.04,-11.425
144.07,-11.494
142.87,-11.512
142.84,-11.564
142.9,-11.59
142.86,-11.628
142.94,-11.598
142.91,-11.651
142.99,-11.732
142.97,-11.759
142.9,-11.762
142.92,-11.77
142.94,-11.772
142.96,-11.771
142.88,-11.781
142.86,-11.8
142.94,-11.797
142.9,-11.805
142.9,-11.827
142.88,-11.849
142.94,-11.843
142.99,-11.862
142.91,-11.88
142.97,-11.884
143.08,-11.518
143.18,-11.532
143.02,-11.55
143.09,-11.789
143.25,-11.804
143.26,-11.802
143.01,-11.807
143.36,-11.821
143.29,-11.864
143.3,-11.874
143.11,-11.895
143.13,-11.906
143.34,-11.911
143.35,-11.918
143.31,-11.92
143.18,-11.59
143.42,-11.586
143.01,-11.594
143.29,-11.604
143.52,-11.621
143.43,-11.691
143.19,-11.711
143.25,-11.736
143.09,-11.771
143.24,-11.751
143.89,-11.769
143.87,-11.781
143.87,-11.791
143.86,-11.801
143.87,-11.809
143.97,-11.802
143.21,-11.927
143.22,-11.944
143.24,-11.942
143.37,-11.933
143.42,-11.948
143.5,-11.911
143.27,-11.952
143.27,-11.961
143.27,-11.97
143.29,-11.97
143.25,-11.971
143.23,-11.959
143.24,-11.972
143.22,-11.983
143.27,-11.984
143.26,-11.984
143.27,-11.995
143.27,-11.998
143.25,-11.99
143.24,-11.998
143.96,-11.512
143.87,-11.514
143.64,-11.513
143.87,-11.531
143.88,-11.527
143.86,-11.54
143.87,-11.55
143.91,-11.531
143.98,-11.516
143.9,-11.545
143.86,-11.559
143.86,-11.564
143.88,-11.556
143.87,-11.57
143.88,-11.572
143.72,-11.567
143.86,-11.592
143.52,-11.602
143.68,-11.623
143.88,-11.63
143.58,-11.659
143.75,-11.306
143.77,-11.808
143.55,-11.69
143.91,-11.637
143.9,-11.665
143.9,-11.699
143.9,-11.728
143.68,-11.769
144.04,-11.595
144.02,-11.681
144.07,-11.778
144,-11.784
143.97,-11.705
144.02,-11.532
143.25,-11.965
143.11,-11.507
143.11,-11.327
143.33,-11.62
143.35,-11.488
143.37,-11.552
143.41,-11.45
143.44,-11.179
143.46,-11.108
143.48,-11.498
143.65,-11.626
143.66,-11.428
143.69,-11.56
143.71,-11.557
143.72,-11.796
143.75,-11.806
143.75,-11.488
143.86,-11.826
143.84,-11.844
143.82,-11.854
143.83,-11.86
143.84,-11.87
143.59,-11.857
143.68,-11.825
143.82,-11.883
143.83,-11.897
143.63,-11.885
143.71,-11.88
143.69,-11.927
143.85,-11.927
143.87,-11.953
143.99,-11.949
143.88,-11.98
143.9,-11.994
143.37,-12.142
143.11,-12.192
143.13,-12.232
143.29,-12.231
143.21,-12.243
143.78,-11.507
143.78,-11.813
143.78,-11.811
143.78,-11.826
143.8,-11.418
143.81,-11.374
143.81,-11.192
143.83,-11.845
143.83,-11.917
143.85,-11.526
143.86,-11.288
143.87,-11.73
143.88,-11.182
143.88,-11.706
143.89,-11.736
143.89,-11.755
143.89,-11.632
143.89,-11.522
143.89,-11.632
143.9,-11.575
143.9,-11.598
143.9,-11.597
143.96,-11.575
143.98,-11.378
143.98,-11.471
143.99,-11.329
143.99,-11.349
143.99,-11.371
143.99,-11.356
144,-11.323
144,-11.345
144,-11.323
144,-11.331
144.01,-11.252
144.01,-11.122
144.01,-11.328
144.01,-11.343
144.01,-11.762
144.01,-11.31
144.02,-11.257
144.02,-11.303
144.02,-11.332
144.02,-11.286
144.02,-11.31
144.02,-11.772
144.03,-11.768
144.04,-11.293
144.05,-11.274
144.06,-11.091
143.26,-11.058
143.54,-11.013
143.67,-11.042
143.69,-11.037
143.69,-11.005
143.71,-11.017
143.75,-11.063
143.8,-11.053
143.81,-11.073
144.06,-11.08
142.83,-11.484
143.3,-12.029
143.29,-12.069
143.48,-12.101
143.35,-12.114
143.45,-12.153
143.59,-12.186
143.26,-12.099
143.22,-12.127
143.28,-12.139
143.55,-12.374
143.91,-11.995
143.91,-11.996
143.68,-12.111
143.92,-12.004
143.96,-12.022
143.85,-12.034
143.87,-12.038
143.9,-12.047
143.83,-12.042
143.96,-12.065
143.91,-12.054
143.93,-12.058
143.82,-12.051
143.81,-12.072
143.55,-12.058
143.8,-12.095
143.81,-12.12
143.81,-12.145
143.24,-12.25
143.27,-12.247
143.3,-12.272
143.13,-12.287
143.43,-12.314
143.41,-12.293
143.51,-12.245
143.18,-12.305
143.2,-12.312
143.34,-12.331
143.36,-12.351
143.24,-12.355
143.22,-12.364
143.27,-12.389
143.48,-12.385
143.28,-12.433
143.36,-12.439
143.5,-12.423
143.48,-12.474
143.53,-12.559
143.79,-12.577
143.79,-12.582
143.87,-12.583
143.71,-12.614
143.81,-12.599
143.78,-12.172
143.79,-12.158
143.81,-12.172
143.79,-12.194
143.78,-12.194
143.81,-12.205
143.82,-12.21
143.79,-12.208
143.85,-12.222
143.85,-12.221
143.82,-12.223
143.87,-12.24
143.9,-12.243
143.89,-12.247
143.9,-12.288
143.64,-12.315
143.83,-12.34
143.79,-12.364
143.61,-12.381
143.76,-12.384
143.75,-12.412
143.77,-12.412
143.63,-12.403
143.57,-12.423
143.63,-12.417
143.85,-12.415
143.75,-12.437
143.76,-12.466
143.76,-12.484
143.77,-12.489
143.39,-12.519
143.29,-12.513
143.32,-12.556
143.39,-12.586
143.43,-12.613
143.45,-12.623
143.42,-12.649
143.45,-12.658
143.42,-12.662
143.4,-12.712
143.4,-12.755
143.48,-12.755
143.47,-12.778
143.37,-12.777
143.41,-12.78
143.49,-12.783
143.44,-12.811
143.77,-12.519
143.6,-12.52
143.79,-12.535
143.78,-12.569
143.65,-12.848
143.79,-12.868
143.6,-12.879
143.55,-12.886
143.63,-12.879
143.82,-12.894
143.6,-12.887
143.77,-12.934
143.52,-12.921
143.54,-12.927
143.65,-12.929
143.82,-12.934
143.82,-12.949
143.55,-12.941
143.83,-12.965
143.55,-12.965
143.69,-12.952
143.83,-12.984
143.55,-12.581
143.81,-12.617
143.84,-12.635
143.56,-12.633
143.52,-12.662
143.84,-12.685
143.81,-12.696
143.82,-12.691
143.81,-12.705
143.81,-12.722
143.62,-12.696
143.79,-12.746
143.81,-12.758
143.61,-12.768
143.8,-12.798
143.84,-12.833
143.62,-12.81
143.55,-12.815
143.74,-12.839
143.74,-13.239
143.93,-13.25
143.69,-13.257
143.95,-13.274
143.69,-13.276
143.72,-12.995
143.85,-12.998
143.53,-12.986
143.61,-12.99
143.69,-12.995
143.65,-12.974
143.77,-12.509
143.81,-12.164
143.89,-12.031
143.9,-12.033
143.93,-12.061
143.93,-12.047
143.79,-13.024
143.86,-13.022
143.54,-13.03
143.87,-13.038
143.63,-13.042
143.51,-13.032
143.64,-13.051
143.87,-13.053
143.88,-13.061
143.88,-13.066
143.82,-13.066
143.56,-13.065
143.52,-13.076
143.7,-13.071
143.9,-13.076
143.92,-13.079
143.92,-13.083
143.94,-13.076
143.93,-13.079
143.93,-13.079
143.51,-13.111
143.56,-13.109
143.72,-13.107
143.66,-13.111
143.75,-13.139
143.64,-13.152
143.62,-13.151
143.66,-13.162
143.76,-13.17
143.96,-13.16
143.52,-13.171
143.55,-13.177
143.57,-13.184
143.69,-13.205
143.88,-13.196
143.57,-13.218
143.81,-13.186
146.48,-17.229
146.3,-17.279
146.84,-18.004
146.79,-18.032
146.56,-18.052
145.69,-16.123
145.78,-16.117
145.65,-16.174
145.64,-16.184
145.69,-16.192
145.79,-16.213
146.21,-16.874
146.39,-16.877
146.25,-16.912
146.21,-16.938
146.44,-16.945
146.48,-16.969
146.44,-17.288
146.47,-17.275
146.36,-17.302
146.39,-17.394
146.85,-18.06
146.79,-18.084
146.75,-18.107
146.77,-18.117
145.89,-16.221
145.79,-16.321
145.76,-16.352
145.56,-16.386
146.45,-16.976
146.48,-16.985
146.52,-16.994
145.55,-16.555
145.53,-16.56
145.53,-16.594
145.47,-16.083
145.47,-16.084
146.34,-17.388
146.48,-17.446
146.46,-17.429
146.45,-17.454
146.46,-17.448
146.46,-17.477
146.97,-18.133
146.73,-18.229
146.9,-18.261
145.77,-16.414
146,-16.428
145.69,-16.441
145.99,-16.465
146,-16.306
146.05,-16.405
145.47,-16.088
145.46,-16.206
145.48,-16.246
145.42,-16.353
146.39,-17.482
146.49,-17.1
146.57,-17.139
146.54,-17.191
146.55,-17.266
146.61,-17.262
146.61,-17.286
146.74,-18.325
146.83,-18.354
146.76,-18.387
146.71,-18.408
146.99,-18.436
146.99,-18.469
146.07,-16.439
146.1,-16.493
145.52,-16.517
145.54,-16.522
145.5,-16.532
145.51,-16.559
145.86,-16.547
145.95,-16.543
145.53,-16.608
145.54,-16.616
145.58,-16.688
145.61,-16.695
145.63,-16.705
145.69,-16.776
145.92,-16.865
146.54,-17.31
146.53,-17.354
146.55,-17.42
146.51,-17.443
146.38,-17.533
146.52,-17.525
145.37,-15.775
145.36,-15.785
145.36,-15.797
145.36,-15.779
145.43,-15.707
145.44,-15.706
145.4,-15.71
145.4,-15.709
145.98,-16.582
145.93,-16.64
145.95,-16.618
145.97,-16.646
145.99,-16.655
145.57,-16.658
145.58,-16.655
145.92,-16.865
145.92,-16.864
145.92,-16.865
145.93,-16.866
146.46,-17.609
146.42,-17.608
146.14,-17.641
146.16,-17.654
146.38,-17.662
145.44,-15.739
145.46,-15.733
145.4,-15.94
145.37,-15.919
145.94,-16.674
145.68,-16.729
145.93,-16.868
145.93,-16.871
145.93,-16.873
145.93,-16.874
146.47,-17.654
146.18,-17.675
146.17,-17.667
146.17,-17.674
146.39,-17.722
145.39,-15.916
145.44,-15.993
145.62,-15.502
145.53,-15.513
145.55,-15.506
145.57,-15.51
145.78,-15.515
145.78,-15.529
145.64,-15.535
145.69,-16.734
145.94,-16.875
145.94,-16.878
145.94,-16.882
145.95,-16.89
146.11,-17.725
146.16,-17.747
146.44,-17.774
146.12,-17.771
146.1,-17.811
146.1,-17.834
145.8,-15.557
145.78,-15.538
145.78,-15.573
145.59,-15.561
145.65,-15.558
145.53,-15.556
145.77,-15.595
146,-16.767
145.89,-16.887
145.95,-16.891
145.96,-16.894
145.93,-16.936
145.93,-16.955
145.91,-16.973
146.48,-17.85
146.12,-17.856
146.15,-17.952
146.14,-17.964
146.14,-17.977
145.81,-15.606
145.52,-15.607
145.63,-15.606
145.51,-15.63
145.72,-15.648
145.81,-15.646
145.89,-16.883
145.96,-16.9
145.95,-16.908
145.99,-16.925
146.08,-16.605
145.9,-16.995
146.2,-16.998
146.1,-17.969
146.58,-17.581
146.72,-17.67
146.54,-17.698
146.55,-17.725
146.57,-17.694
145.51,-15.672
145.8,-15.719
145.78,-15.75
145.58,-15.777
145.8,-15.789
145.78,-15.811
145.77,-15.822
145.82,-15.83
145.98,-16.933
145.98,-16.935
145.99,-16.932
145.99,-16.932
145.99,-16.941
146.2,-16.951
146.22,-16.953
146.21,-16.998
146.13,-17.012
146.13,-17.02
146.46,-16.999
146.46,-17.037
146.19,-17.074
146.5,-17.739
146.51,-17.75
146.65,-17.779
146.52,-17.791
146.54,-17.756
145.57,-15.873
145.8,-15.877
145.66,-15.905
145.82,-15.95
146,-16.934
146.01,-16.923
146.41,-17.099
146.34,-17.094
146.42,-17.121
146.47,-17.126
146.55,-17.833
146.73,-17.876
146.59,-17.889
146.6,-17.969
145.67,-15.976
145.83,-15.99
145.85,-16.018
145.87,-16.052
145.84,-16.035
145.86,-16.03
145.69,-15.447
145.66,-15.518
145.46,-16.029
145.9,-16.982
146.01,-16.518
146.01,-17.158
146.79,-17.946
146.77,-17.995
146.16,-17.773
146.82,-17.894
146.48,-17.149
146.68,-17.566
145.9,-17.002
145.9,-17.005
145.47,-16.071
145.46,-16.104
145.45,-16.167
145.49,-16.244
146.13,-16.527
146,-16.568
146.02,-16.582
146.16,-16.609
146.02,-16.643
146.29,-17.185
146.37,-17.197
146.08,-17.209
145.9,-17.008
146.15,-18.008
146.17,-18.026
146.18,-18.04
146.2,-18.04
145.5,-16.298
145.43,-16.362
145.43,-16.403
146.04,-16.624
146.04,-16.646
146.25,-16.687
146.05,-16.695
146.27,-16.729
146.08,-17.22
146.09,-17.224
146.2,-18.051
146.45,-18.079
146.29,-18.149
146.27,-18.156
145.42,-16.407
145.41,-16.448
145.42,-16.424
145.45,-16.473
145.76,-16.007
145.62,-16.009
145.64,-16.015
145.79,-16.019
145.81,-16.019
146.33,-16.734
146.34,-16.754
146.27,-16.778
146.18,-16.803
146.35,-16.805
146.36,-16.858
146.16,-18.167
146.15,-18.182
146.32,-18.235
146.32,-18.359
146.33,-18.355
145.81,-16.034
145.7,-16.024
145.71,-16.033
145.65,-16.049
145.74,-16.055
145.72,-16.08
145.76,-16.077
145.75,-16.086
145.83,-16.104
145.38,-14.711
145.17,-14.716
145.16,-14.721
145.19,-14.735
145.57,-15.288
145.76,-15.313
145.64,-15.319
145.65,-15.331
145.75,-15.335
145.78,-15.364
143.84,-13.915
143.95,-13.9
144.74,-14.239
144.69,-14.298
144.79,-14.309
144.86,-14.321
145.2,-14.735
145.18,-14.73
145.2,-14.721
145.2,-14.705
145.19,-14.714
145.19,-14.728
145.58,-15.359
145.77,-15.389
145.77,-15.4
145.77,-15.41
145.51,-15.429
145.61,-15.428
143.82,-13.965
143.61,-13.926
143.75,-13.944
143.65,-13.949
143.84,-13.96
143.68,-13.976
144.74,-14.319
144.96,-14.328
144.72,-14.326
144.71,-14.336
144.72,-14.341
144.6,-14.335
144.59,-14.323
144.65,-14.343
145.18,-14.718
145.21,-14.743
145.28,-14.718
145.1,-14.731
145.08,-14.736
145.36,-14.763
145.66,-15.43
145.8,-15.435
145.68,-15.462
145.65,-15.484
145.5,-15.486
145.81,-15.488
144.09,-13.542
144.1,-13.592
144.1,-13.6
144.1,-13.626
144.11,-13.646
144.76,-14.36
144.96,-14.375
144.95,-14.414
145.09,-14.78
145.32,-14.787
145.34,-14.787
145.14,-14.788
145.14,-14.798
145.28,-14.817
145.18,-14.816
145.19,-14.822
145.33,-15.505
145.35,-15.535
145.3,-15.546
145.33,-15.602
145.32,-15.613
145.45,-15.625
145.43,-15.64
145.32,-15.644
145.35,-15.705
144.17,-13.676
144.24,-13.737
144.27,-13.78
144.89,-14.426
144.81,-14.433
145.27,-14.85
145.48,-14.855
145.53,-14.866
145.49,-14.869
145.52,-14.917
145.48,-14.895
143.53,-13.316
143.54,-13.282
143.6,-13.276
143.67,-13.308
143.89,-13.318
144.03,-13.858
144.14,-13.856
144.08,-13.853
144.31,-13.866
144.96,-14.457
144.63,-14.452
144.89,-14.463
144.75,-14.475
144.7,-14.474
145.49,-14.939
145.34,-14.942
145.33,-14.948
145.59,-14.548
145.62,-14.6
145.65,-14.644
145.65,-14.665
143.97,-13.325
143.95,-13.308
143.56,-13.33
143.72,-13.328
143.6,-13.327
143.57,-13.352
144.06,-13.909
144.36,-13.921
144.35,-13.946
144.4,-13.952
144.45,-13.977
144.57,-13.962
144.55,-13.976
144.64,-14.474
144.64,-14.479
144.96,-14.477
145,-14.233
145.07,-14.268
145.16,-14.289
145.18,-14.313
145.54,-14.707
145.58,-14.731
145.51,-14.746
145.53,-14.783
145.59,-14.79
143.78,-13.333
143.96,-13.367
143.6,-13.369
143.6,-13.383
143.61,-13.401
143.6,-13.409
144.52,-13.984
143.62,-13.517
143.6,-13.543
143.81,-13.461
144.11,-13.657
143.69,-14.03
143.82,-14.013
145.24,-14.314
145.24,-14.329
145.28,-14.343
145.35,-14.38
145.02,-14.364
145.04,-14.399
145.7,-14.827
145.52,-14.824
145.52,-14.812
143.71,-13.38
143.75,-13.417
143.97,-13.399
143.98,-13.425
143.98,-14.005
143.94,-14.052
143.93,-14.059
143.86,-14.064
143.93,-14.066
145.09,-14.416
145.32,-14.42
145.04,-14.444
145.41,-14.445
145.62,-14.843
145.56,-14.883
145.69,-14.92
145.68,-14.932
145.69,-14.95
145.69,-14.968
143.98,-13.44
143.63,-13.416
143.82,-13.423
143.69,-13.429
143.71,-13.434
143.69,-13.437
143.65,-13.452
143.63,-13.454
143.62,-13.467
143.68,-13.475
143.91,-14.078
143.94,-14.129
143.7,-14.141
143.93,-14.179
143.77,-14.221
143.79,-14.226
143.73,-14.255
143.78,-14.289
145.48,-14.453
145.03,-14.473
145.22,-14.456
145.54,-14.497
145.7,-14.993
144.7,-14.123
144.7,-14.134
144.86,-14.194
143.93,-14.019
144.71,-14.557
145.45,-14.909
145.46,-15.004
143.74,-13.486
144,-13.467
144.05,-13.478
143.66,-13.542
144.12,-13.979
144.24,-14.068
144.32,-14.1
144.48,-14.104
144.5,-14.107
144.97,-14.503
144.76,-14.502
145.44,-15.023
145.38,-15.094
145.26,-15.095
145.27,-15.095
145.26,-15.101
143.79,-13.526
143.85,-13.552
144,-14.128
144.3,-14.121
144.48,-14.143
144.49,-14.148
144.25,-14.141
144.92,-14.506
144.85,-14.522
144.97,-14.524
144.86,-14.54
144.99,-14.54
145.42,-15.115
145.32,-15.138
145.25,-15.156
145.27,-15.159
145.5,-15.167
145.25,-15.176
145.34,-15.215
143.92,-13.641
143.79,-13.682
143.82,-13.624
143.91,-13.607
144.25,-14.151
144.23,-14.164
144.22,-14.174
144.22,-14.162
144.74,-14.175
144.25,-14.209
144.92,-14.541
144.92,-14.544
144.87,-14.548
144.85,-14.551
144.91,-14.553
144.89,-14.563
144.93,-14.574
145.43,-15.414
145.42,-15.474
145.29,-15.478
145.29,-15.484
145.51,-15.006
145.57,-15.005
145.7,-15.034
145.7,-15.045
145.68,-15.024
143.56,-13.638
143.73,-13.653
143.69,-13.669
143.82,-13.702
143.56,-13.729
143.64,-13.737
144.22,-14.217
144.27,-14.222
144.35,-14.256
144.36,-14.271
144.75,-14.066
144.67,-14.089
144.54,-14.095
144.58,-14.101
144.94,-14.614
144.92,-14.637
144.95,-14.684
144.99,-14.712
144.99,-14.714
144.95,-14.718
145.16,-14.507
145.47,-14.591
145.18,-14.66
145.47,-14.615
145.53,-15.045
145.57,-15.051
145.52,-15.073
145.72,-15.073
145.71,-15.075
145.64,-15.098
145.67,-15.094
143.84,-13.76
143.91,-13.743
143.95,-13.756
143.64,-13.771
144.52,-14.12
144.65,-14.168
144.6,-14.16
145.48,-14.633
145.49,-14.652
145.25,-14.655
145.57,-15.139
145.7,-15.137
145.74,-15.189
145.62,-15.198
143.54,-13.772
143.93,-13.829
143.96,-13.761
143.98,-13.768
143.69,-13.846
143.78,-13.845
144.28,-14.174
144.26,-14.195
144.24,-14.171
144.8,-14.178
144.54,-14.184
144.89,-14.2
144.85,-14.205
145.45,-14.659
145.47,-14.655
145.45,-14.686
145.56,-15.207
145.72,-15.241
145.54,-15.242
145.59,-15.251
145.75,-15.281
143.72,-13.865
143.94,-13.867
143.64,-13.874
143.64,-13.882
143.66,-13.901
143.6,-13.885
143.89,-13.904
143.68,-13.916
144.93,-14.212
144.67,-14.204
144.96,-14.226
144.58,-14.233
145.47,-14.681
145.2,-14.669
148.94,-20.349
148.93,-20.35
148.96,-20.372
148.85,-20.329
149.08,-20.301
149.1,-20.28
148.54,-20.086
148.5,-20.085
148.93,-20.298
148.92,-20.29
148.85,-20.343
148.85,-20.363
149.11,-20.276
149.11,-20.264
148.89,-20.081
148.98,-20.072
148.88,-20.088
148.92,-20.278
148.95,-20.244
148.95,-20.224
148.85,-20.374
148.86,-20.391
148.86,-20.352
149.09,-20.302
149.12,-20.27
148.61,-20.1
148.95,-20.217
148.96,-20.18
148.96,-20.156
148.97,-20.328
148.98,-20.323
148.87,-20.389
148.86,-20.325
149.09,-20.141
149.09,-20.305
148.57,-20.104
148.65,-20.108
148.99,-20.306
149.01,-20.31
149.01,-20.316
149.03,-20.306
148.89,-20.375
150,-19.724
150.04,-19.716
150.1,-19.742
150.17,-19.855
150.17,-19.91
150.19,-19.889
150.23,-19.893
150.25,-19.911
150.39,-19.923
148.22,-19.236
148.24,-19.233
148.26,-19.117
148.66,-20.109
148.96,-20.331
148.84,-20.276
148.83,-20.278
148.83,-20.386
148.83,-20.37
148.86,-20.414
148.54,-19.095
148.59,-19.38
148.6,-19.323
148.61,-19.332
148.65,-19.072
148.68,-19.173
148.74,-19.372
148.75,-19.296
148.76,-19.37
148.96,-19.284
149.02,-19.308
149.03,-19.527
148.71,-20.107
148.83,-20.263
148.84,-20.261
148.85,-20.267
148.84,-20.423
149.03,-19.115
149.11,-19.136
149.12,-19.26
149.15,-19.304
149.17,-19.245
149.17,-19.624
149.2,-19.512
149.2,-19.521
149.21,-19.277
149.22,-19.325
148.56,-20.112
148.57,-20.129
148.61,-20.126
148.85,-20.282
148.77,-20.234
148.84,-20.429
148.85,-20.426
148.85,-20.427
148.94,-20.489
149.03,-20.168
149.23,-19.286
149.24,-19.546
149.24,-19.565
149.25,-19.54
149.26,-19.656
149.28,-19.216
149.28,-19.35
148.61,-20.133
148.94,-20.115
148.93,-20.16
148.92,-20.159
148.9,-20.151
148.9,-20.115
148.91,-20.077
148.8,-20.284
148.8,-20.288
149.04,-20.169
149.03,-20.157
149.29,-19.411
149.35,-19.394
149.35,-19.257
149.38,-19.333
147.56,-19.022
148.92,-20.073
148.96,-20.063
148.94,-20.067
148.95,-20.085
148.96,-20.104
148.58,-20.146
148.8,-20.297
149.01,-20.173
149.01,-20.175
149.11,-20.198
147.37,-19.351
148.25,-20.025
148.27,-20.022
148.45,-20.038
148.61,-20.149
148.71,-20.184
148.76,-20.227
148.82,-20.232
148.79,-20.297
148.8,-20.299
148.85,-20.305
149.04,-20.234
148.47,-19.994
148.48,-19.999
148.48,-20.003
148.47,-20.019
148.48,-20.027
148.48,-20.03
148.83,-20.249
148.81,-20.253
148.81,-20.303
148.78,-20.302
148.93,-20.323
149.14,-20.227
149.16,-20.237
148.48,-20.042
148.81,-20.261
148.81,-20.257
148.82,-20.253
148.91,-20.242
148.93,-20.262
148.75,-20.251
148.91,-20.262
148.92,-20.27
148.86,-20.336
149.14,-20.234
149.15,-20.24
148.28,-20.037
148.27,-20.069
148.47,-20.062
148.34,-20.076
148.3,-20.073
148.98,-20.195
148.99,-20.222
149,-20.24
149.01,-20.244
148.99,-20.355
149,-20.357
149.17,-20.248
148.3,-20.082
148.31,-20.108
149.05,-20.302
149.05,-20.313
149.04,-20.307
148.96,-20.345
148.96,-20.361
149.18,-20.255
149.04,-20.267
149.08,-20.262
149.09,-20.264
148.62,-20.018
148.63,-20.022
148.98,-20.315
148.95,-20.314
148.95,-20.297
148.95,-20.338
148.95,-20.357
148.95,-20.364
149.08,-20.275
149.07,-20.296
148.89,-20.061
148.54,-20.065
148.54,-20.06
149.34,-19.749
149.37,-19.761
149.37,-19.768
149.37,-19.768
149.38,-19.756
149.38,-19.755
149.38,-19.756
149.38,-19.756
149.4,-19.76
149.2,-19.719
149.49,-19.744
149.23,-19.76
150.34,-19.974
150.24,-19.993
150.32,-19.904
150.35,-19.793
150.39,-19.811
150.37,-19.86
150.36,-19.884
150.36,-19.797
150.34,-19.854
149.41,-19.437
149.42,-19.489
149.52,-19.48
147.53,-18.798
147.64,-18.822
148.02,-18.797
147.98,-18.824
147.88,-18.859
147.74,-18.907
148.82,-19.127
148.55,-19.201
148.87,-19.146
148.93,-19.166
148.59,-19.198
148.96,-19.19
148.88,-19.188
148.61,-19.203
148.9,-19.214
149.19,-19.792
149.12,-19.804
149.13,-19.753
149.07,-19.807
149.43,-19.801
149.59,-19.516
149.74,-19.53
149.6,-19.558
149.53,-19.391
149.54,-19.536
149.55,-19.339
149.58,-19.421
149.65,-19.763
149.65,-19.497
149.66,-19.783
149.67,-19.811
149.67,-19.538
147.69,-18.863
147.95,-18.9
147.92,-18.895
147.89,-18.906
147.87,-18.905
147.9,-18.925
147.91,-18.939
147.69,-18.956
148.82,-19.209
148.62,-19.263
148.55,-19.26
148.98,-19.276
148.63,-19.32
148.63,-19.342
149.66,-19.573
149.71,-19.585
149.57,-19.581
149.5,-19.588
149.63,-19.611
149.67,-19.63
149.77,-19.603
149.72,-19.61
149.72,-19.624
149.68,-19.977
149.68,-19.564
149.7,-19.503
149.7,-19.546
149.71,-19.659
149.75,-19.715
149.76,-19.792
148.03,-18.816
148.13,-18.837
148.07,-18.837
148.16,-18.857
148.08,-18.854
148.15,-18.873
148.2,-18.888
148.25,-18.892
148.25,-18.924
148.32,-18.933
148.29,-18.955
148.63,-19.359
148.68,-19.351
148.99,-19.343
148.73,-19.352
148.66,-19.424
149.85,-19.616
149.88,-19.633
149.76,-19.64
149.84,-19.642
149.72,-19.655
149.75,-19.664
149.58,-19.667
149.69,-19.67
149.76,-19.79
149.76,-19.791
149.77,-19.723
149.78,-19.728
149.8,-19.568
149.84,-19.952
149.84,-19.94
149.87,-19.605
149.88,-19.622
149.91,-19.678
149.92,-19.651
149.95,-19.664
148.05,-18.969
148.38,-18.951
148.43,-18.976
147.51,-18.632
147.49,-18.673
148.55,-18.925
148.48,-18.988
147.39,-18.385
148.78,-19.375
148.72,-19.456
148.74,-19.503
148.78,-19.498
149.93,-19.667
149.95,-19.659
149.65,-19.683
149.53,-19.682
149.54,-19.691
149.73,-19.689
146.87,-18.483
147.02,-18.209
147.38,-18.266
147.17,-18.343
147.08,-18.347
147.42,-18.548
147.44,-18.552
147.48,-18.565
147.58,-18.425
147.8,-18.491
148.1,-18.825
148.12,-18.789
148.18,-18.82
148.25,-18.847
148.29,-18.877
148.79,-19.453
149,-19.411
148.87,-19.398
148.85,-19.436
149.8,-19.698
149.91,-19.699
149.98,-19.693
149.61,-19.712
149.61,-19.72
149.69,-19.705
149.74,-19.708
149.76,-19.711
147.21,-18.361
147.26,-18.374
147.45,-18.414
147.14,-18.415
147.35,-18.422
147.06,-18.432
147.04,-18.505
148.39,-18.877
148.44,-18.894
148.48,-18.906
146.97,-18.157
146.98,-18.146
146.35,-18.938
146.63,-19.023
148.82,-19.48
148.9,-19.491
149.02,-19.205
149.09,-19.227
149.1,-19.278
149.06,-19.283
149.77,-19.712
149.81,-19.717
149.92,-19.709
149.98,-19.719
149.71,-19.725
149.96,-19.737
149.79,-19.743
147.1,-18.493
147.4,-18.479
147.52,-18.435
146.49,-18.556
146.49,-18.602
146.63,-19.028
146.61,-19.038
146.59,-19.035
146.56,-19.098
146.88,-19.109
149.24,-19.311
149.04,-19.326
149.19,-19.333
149.22,-19.342
149.16,-19.352
149.03,-19.35
149.03,-19.371
149.1,-19.359
149.11,-19.36
149.68,-19.741
149.62,-19.758
149.73,-19.755
149.65,-19.758
149.66,-19.765
149.66,-19.766
149.73,-19.768
149.62,-19.784
149.76,-19.783
146.49,-18.634
146.49,-18.658
146.51,-18.639
146.5,-18.593
146.33,-18.682
146.43,-18.812
146.56,-18.665
146.81,-19.168
146.85,-19.166
146.86,-19.154
146.88,-19.122
146.88,-19.117
146.86,-19.111
149.07,-19.373
149.42,-19.341
149.18,-19.369
149.04,-19.395
149.45,-19.443
149.23,-19.459
149.7,-19.79
149.71,-19.805
149.72,-19.803
149.62,-19.818
149.73,-19.838
146.55,-18.678
146.51,-18.677
146.58,-18.717
146.82,-19.116
146.83,-19.109
146.79,-19.119
146.83,-19.185
146.81,-19.198
146.79,-19.21
147.07,-19.179
149.16,-19.452
149.05,-19.499
149.78,-19.826
149.89,-19.846
149.6,-19.859
149.58,-19.873
149.72,-19.88
149.7,-19.896
146.61,-18.765
146.68,-18.765
146.69,-18.751
146.64,-18.742
146.6,-18.695
146.58,-18.682
147.06,-19.246
147.06,-19.273
147.93,-19.033
147.64,-19.141
147.86,-19.362
147.94,-19.359
149.12,-19.5
149.63,-19.46
147.76,-19.727
147.9,-19.854
148.36,-19.725
149.83,-19.917
149.78,-19.941
149.79,-19.928
149.75,-19.943
149.62,-19.965
146.55,-18.769
146.52,-18.774
146.67,-18.777
146.54,-18.777
146.53,-18.829
147.88,-19.447
148.1,-19.021
148.34,-19.015
148.43,-19.036
148.3,-19.047
148.18,-19.059
148.08,-19.071
148.36,-19.729
148.36,-19.988
149.72,-20.01
149.76,-19.998
149.73,-19.977
150.01,-19.71
146.54,-18.843
146.63,-18.964
146.62,-18.976
146.68,-18.996
147.15,-18.509
147.14,-18.547
148.2,-19.081
148.23,-19.077
148.25,-19.093
148.27,-19.093
148.29,-19.096
148.46,-19.083
148.32,-19.096
148.31,-19.104
148.3,-19.194
148.98,-19.524
148.88,-19.531
148.94,-19.539
148.94,-19.561
150.09,-19.756
150.12,-19.786
150.15,-19.799
150.1,-19.814
147.45,-18.497
147.4,-18.528
147.23,-18.547
147.19,-18.551
147.5,-18.561
147.05,-18.631
147.3,-18.625
147.43,-18.626
148.39,-19.17
148.3,-19.145
148.34,-19.111
148.38,-19.12
148.94,-19.579
148.55,-19.996
149.22,-19.52
149.23,-19.531
149,-19.528
150.08,-19.823
150.18,-19.828
150.1,-19.833
150.22,-19.866
150.29,-19.879
150.28,-19.866
150.3,-19.854
147.1,-18.69
147.27,-18.746
147.54,-18.499
147.57,-18.576
147.84,-18.582
147.55,-18.608
148.47,-19.136
148.19,-19.122
148.18,-19.132
148.16,-19.183
148.07,-19.195
149.04,-19.539
149.04,-19.556
149.27,-19.534
149.37,-19.532
149.4,-19.533
149.39,-19.538
149.39,-19.516
149.39,-19.535
150.31,-19.871
150.25,-19.889
150.29,-19.893
150.16,-19.903
150.2,-19.921
147.63,-18.607
147.6,-18.642
147.61,-18.658
147.57,-18.658
147.56,-18.669
147.72,-18.647
147.86,-18.694
148.18,-19.197
148.35,-19.279
148.08,-19.295
149.4,-19.544
149.4,-19.528
149.38,-19.545
149.35,-19.547
149.43,-19.548
149.25,-19.579
149.24,-19.589
149.49,-19.571
150.27,-19.911
150.31,-19.926
150.33,-19.937
150.18,-19.943
150.33,-19.945
150.35,-19.954
150.21,-19.956
147.54,-18.722
147.89,-18.721
147.84,-18.731
147.71,-18.77
147.95,-18.75
147.93,-18.765
147.87,-18.774
148.44,-19.322
148.34,-19.367
148.09,-19.383
148.56,-19.032
148.69,-19.086
148.69,-19.112
148.91,-19.119
149.41,-19.589
149.42,-19.645
149.37,-19.699
149.18,-19.69
149.3,-19.75
150.59,-20.053
150.61,-20.105
150.61,-20.023
150.61,-20.103
150.62,-20.078
150.62,-20.105
150.63,-20.11
150.64,-20.073
150.64,-20.092
150.66,-20.143
150.68,-20.155
150.68,-20.141
149.88,-21.466
149.66,-21.471
149.92,-21.476
149.91,-21.481
150.95,-20.768
150.91,-20.769
150.9,-20.78
150.81,-20.798
150.89,-20.806
150.99,-20.863
150.95,-20.887
150.62,-20.905
151,-20.832
152.18,-20.921
152.21,-20.916
152.22,-20.92
152.23,-20.941
152.23,-20.922
152.25,-20.925
152.26,-20.933
152.33,-20.964
148.54,-20.075
148.55,-20.072
148.56,-20.094
148.65,-20.211
148.67,-20.211
148.67,-20.196
149.92,-21.49
149.89,-21.494
149.93,-21.495
149.91,-21.5
150.54,-20.941
150.53,-20.984
150.52,-21.012
150.66,-20.952
150.92,-20.965
150.51,-20.184
150.56,-20.36
150.56,-20.325
150.56,-20.32
150.58,-20.443
150.59,-20.211
150.59,-20.449
150.59,-20.378
150.6,-20.587
148.67,-20.186
148.78,-20.26
148.79,-20.276
150.08,-21.026
150.26,-21.066
150.24,-21.115
150.51,-21.051
150.45,-21.079
150.95,-20.973
151.01,-20.539
151.09,-20.531
151,-20.619
151.03,-20.64
151.05,-20.655
151.01,-20.679
150.99,-20.695
151.04,-20.685
151.07,-20.669
150.61,-20.273
150.61,-20.327
150.63,-20.442
150.63,-20.373
150.63,-20.381
150.64,-20.269
150.64,-20.378
150.64,-20.239
150.65,-20.5
150.68,-20.471
150.68,-20.481
148.8,-20.277
148.82,-20.339
148.9,-20.478
148.91,-20.504
150.42,-21.057
150.49,-21.041
150.48,-21.123
150.31,-21.468
151.09,-20.693
151.06,-20.691
151.11,-20.717
151.15,-20.718
151.15,-20.733
151.02,-20.741
150.99,-20.703
151.04,-20.718
151.05,-20.725
150.68,-20.246
150.69,-20.48
150.69,-20.469
150.7,-20.18
150.71,-20.467
150.72,-20.528
150.72,-20.469
150.72,-20.626
150.72,-20.229
148.92,-20.535
148.93,-20.32
149.98,-20.307
150.13,-20.57
150.24,-20.516
150.38,-20.534
151.07,-20.806
151.06,-20.882
151.09,-20.805
151.2,-20.765
151.2,-20.777
151.16,-20.8
151,-20.817
150.73,-20.219
150.73,-20.465
150.74,-20.425
150.74,-20.226
150.74,-20.433
150.75,-20.355
150.75,-20.414
150.76,-20.443
150.76,-20.421
150.76,-20.403
149.07,-20.286
150.38,-20.602
150.43,-20.603
150.39,-20.644
151.19,-20.869
151.23,-20.843
151.25,-20.868
151.24,-20.929
150.77,-20.159
150.77,-20.404
150.77,-20.203
150.77,-20.701
150.78,-20.456
150.78,-20.705
150.78,-20.576
150.45,-20.649
150.45,-20.684
150.45,-20.676
150.45,-20.685
150.45,-20.689
150.46,-20.69
150.46,-20.691
151.19,-20.901
151.04,-20.915
151.33,-20.84
151.3,-20.886
151.21,-20.931
151.21,-20.895
151.33,-20.942
150.78,-20.414
150.8,-20.204
150.8,-20.561
150.8,-20.301
150.84,-20.591
150.84,-20.248
150.85,-20.263
150.88,-20.594
150.88,-20.584
148.96,-20.368
148.96,-20.369
148.89,-20.485
150.47,-20.634
150.23,-20.681
150.29,-20.655
150.19,-20.701
150.42,-20.684
151.18,-20.96
151.25,-20.97
151.36,-20.959
151.34,-21.012
151.34,-20.984
151.4,-20.966
151.3,-20.986
150.88,-20.303
150.89,-20.648
150.89,-20.627
150.89,-20.634
150.89,-20.437
150.89,-20.572
150.9,-20.64
149.94,-20.05
149.3,-21.054
149.24,-21.097
149.29,-21.126
150.47,-20.717
150.48,-20.782
150.45,-20.805
150.38,-20.818
151.48,-20.991
151.97,-20.889
152.18,-20.93
152.07,-20.945
152.25,-20.962
152.28,-20.967
150.9,-20.664
150.9,-20.658
150.9,-20.649
150.91,-20.686
150.91,-20.648
150.91,-20.644
150.93,-20.832
150.93,-20.369
150.95,-20.443
149.29,-21.136
149.29,-21.145
149.3,-21.154
149.32,-21.16
149.29,-21.163
149.31,-21.171
149.24,-21.133
149.24,-21.161
150.38,-20.859
150.03,-20.909
150.08,-20.962
152.4,-20.989
152.06,-20.985
152.09,-20.992
152.11,-21.002
150.4,-20.015
150.15,-20.244
150.95,-20.392
150.97,-20.414
150.98,-20.799
150.99,-20.435
151.01,-20.814
151.02,-20.473
151.03,-20.555
151.04,-20.485
151.05,-20.497
151.07,-20.868
149.27,-21.174
149.27,-21.267
149.29,-21.275
149.3,-21.293
149.33,-21.328
149.32,-21.372
149.33,-21.413
150.71,-20.514
150.86,-20.512
150.8,-20.522
150.76,-20.528
150.56,-20.564
150.58,-20.541
150.59,-20.567
150.75,-20.548
150.72,-20.563
150.77,-20.566
148.7,-20.267
149.01,-20.406
149.12,-20.598
151.07,-20.861
151.08,-20.806
151.11,-20.82
151.11,-20.702
151.12,-20.558
150.61,-20.984
150.72,-20.982
151.21,-20.841
151.22,-20.946
151.25,-20.946
151.26,-20.943
149.34,-21.43
149.49,-21.424
149.46,-21.455
149.49,-21.468
149.39,-21.475
149.4,-21.498
149.9,-21.017
150.82,-20.565
150.84,-20.569
151,-20.554
150.75,-20.574
150.86,-20.585
150.77,-20.596
148.94,-20.335
151.51,-20.868
151.53,-20.961
151.55,-20.893
151.26,-20.809
151.3,-20.83
151.36,-20.994
151.37,-20.997
151.37,-20.956
151.38,-20.991
151.4,-20.865
149.55,-21.03
149.94,-21.103
149.63,-21.267
150.73,-20.623
150.8,-20.625
150.85,-20.618
150.9,-20.618
150.92,-20.608
151.57,-20.977
151.59,-20.956
151.62,-20.923
151.65,-20.986
151.66,-20.943
151.66,-20.907
151.7,-20.929
151.72,-20.954
151.73,-20.978
151.77,-20.975
151.4,-20.81
151.44,-20.831
151.45,-20.915
151.46,-20.905
151.47,-20.847
151.47,-20.909
151.48,-20.851
151.48,-20.859
151.34,-21
150.44,-20.737
150.46,-20.742
149.68,-21.316
149.67,-21.327
149.66,-21.371
149.83,-21.375
150.92,-20.604
150.92,-20.609
150.92,-20.614
150.92,-20.622
150.99,-20.626
150.96,-20.631
150.98,-20.646
150.7,-20.662
150.74,-20.645
150.75,-20.635
151.84,-20.936
151.85,-20.956
151.87,-20.917
151.89,-20.906
151.9,-20.95
151.91,-20.898
151.92,-20.888
152,-20.886
152,-20.895
152.01,-20.89
149.89,-20.006
149.93,-20.17
149.96,-20.016
149.97,-20.147
149.97,-20.026
150.06,-20.279
150.32,-20.125
150.37,-20.1
150.37,-20.11
150.37,-20.033
150.38,-20.053
150.38,-20.074
150.39,-20.074
149.81,-21.388
149.57,-21.419
149.6,-21.411
149.58,-21.474
149.82,-21.434
150.87,-20.672
150.78,-20.683
150.83,-20.697
150.98,-20.679
152.05,-20.9
152.06,-20.893
152.1,-20.981
152.1,-20.93
152.1,-20.919
152.11,-20.913
152.12,-20.919
152.12,-20.953
152.13,-20.976
152.13,-20.912
152.16,-20.927
150.39,-20.104
150.4,-20.078
150.4,-20.108
150.41,-20.044
150.41,-20.146
150.41,-20.145
150.41,-20.137
150.42,-20.036
150.43,-20.063
150.49,-20.233
150.58,-20.061
149.71,-21.448
149.85,-21.444
149.7,-21.468
149.83,-21.467
149.87,-21.456
150.88,-20.726
150.94,-20.707
150.76,-20.708
150.82,-20.714
149.11,-20.542
149.1,-20.545
149.11,-20.551
149.43,-20.93
149.45,-20.934
149.47,-20.93
149.39,-20.93
149.42,-20.932
149.48,-20.936
149.06,-20.52
149.07,-20.507
149.09,-20.486
150.71,-20.321
150.58,-20.354
150.6,-20.372
149.11,-20.552
149.12,-20.547
149.12,-20.541
149.13,-20.548
149.15,-20.986
149.75,-20.542
149.95,-20.54
149.93,-20.56
149.1,-20.484
149.09,-20.459
149.08,-20.442
149.08,-20.451
149.09,-20.427
149.83,-20.015
150.66,-20.35
150.71,-20.354
150.75,-20.378
150.81,-20.35
150.68,-20.371
149.11,-20.541
149.13,-20.549
149.08,-20.553
149.16,-20.665
149.14,-20.683
149.62,-20.771
149.61,-20.855
149.59,-20.864
149.74,-20.951
149.81,-20.064
149.95,-20.036
149.94,-20.032
149.95,-20.041
149.95,-20.034
149.95,-20.058
149.96,-20.061
149.93,-20.063
150.85,-20.348
150.86,-20.333
150.58,-20.398
150.62,-20.397
150.69,-20.416
150.72,-20.407
149.14,-20.695
149.16,-20.681
149.14,-20.691
149.15,-20.67
149.14,-20.682
149.78,-20.987
149.8,-20.988
150.05,-20.564
149.93,-20.102
149.99,-20.055
149.94,-20.134
150.32,-20.007
150.26,-20.007
150.75,-20.413
150.91,-20.418
150.93,-20.415
150.73,-20.447
150.96,-20.508
149.11,-20.587
149.1,-20.682
149.07,-20.304
149.03,-20.355
150.24,-20.026
150.01,-20.024
150.02,-20.068
150.43,-20.053
150.42,-20.087
150.2,-20.102
150.39,-20.084
150.47,-20.074
150.85,-20.473
150.6,-20.518
150.72,-20.486
150.83,-20.496
148.82,-20.503
148.81,-20.509
149.06,-20.616
149.19,-20.601
149.07,-20.626
149.18,-20.616
149.03,-20.399
150.45,-20.077
150.48,-20.088
150.43,-20.121
150.39,-20.15
150.32,-20.101
149.48,-20.144
148.81,-20.514
148.93,-20.528
148.94,-20.528
149.07,-20.645
149.06,-20.646
149.01,-20.423
150.01,-20.12
150.07,-20.19
150.37,-20.174
150.45,-20.141
148.93,-20.542
148.86,-20.582
149.09,-20.663
149.15,-20.652
149.23,-20.646
149.07,-20.664
149.09,-20.673
149.14,-20.676
149.02,-20.421
149.07,-20.144
150.47,-20.193
148.88,-20.599
148.87,-20.612
148.72,-20.628
148.73,-20.646
148.76,-20.672
149.19,-20.677
149.19,-20.689
149.18,-20.682
149.18,-20.676
149.07,-20.155
150.1,-20.296
150.13,-20.343
150.07,-20.35
148.76,-20.687
148.74,-20.696
148.78,-20.73
148.79,-20.751
148.79,-20.767
148.85,-20.782
149.2,-20.699
149.21,-20.698
149.14,-20.706
149.03,-20.432
149.03,-20.446
149.05,-20.456
149.04,-20.436
150.1,-20.349
150.2,-20.342
150.07,-20.368
150.13,-20.401
150.2,-20.407
148.85,-20.79
148.88,-20.795
149.14,-20.71
149.15,-20.723
149.13,-20.694
149.15,-20.739
149.23,-20.732
149.06,-20.447
149.1,-20.435
149.01,-20.449
150.24,-20.402
150.24,-20.446
150.15,-20.481
150.2,-20.475
150.29,-20.468
150.55,-20.03
148.87,-20.805
148.84,-20.824
148.88,-20.822
148.9,-20.821
149.47,-20.742
149.48,-20.74
149.44,-20.766
149.16,-20.752
149.11,-20.464
150.51,-20.073
150.5,-20.085
150.6,-20.069
150.55,-20.075
150.63,-20.08
150.51,-20.095
150.5,-20.107
150.58,-20.103
150.64,-20.125
150.69,-20.141
150.52,-20.162
150.74,-20.165
150.66,-20.166
148.9,-20.828
148.93,-20.842
149.27,-20.76
149.27,-20.765
149.26,-20.773
149.4,-20.779
149.04,-20.47
149.13,-20.471
150.54,-20.18
150.63,-20.19
150.56,-20.201
150.64,-20.205
150.71,-20.204
150.55,-20.225
148.94,-20.861
148.92,-20.846
149.28,-20.801
149.05,-20.486
149.03,-20.422
150.51,-20.259
150.65,-20.231
150.75,-20.241
150.76,-20.229
148.96,-20.871
148.99,-20.891
149.27,-20.816
149.28,-20.843
149.24,-20.861
149.03,-20.899
149.06,-20.917
149.36,-20.914
149.11,-20.49
149.06,-20.474
149.08,-20.437
150.56,-20.282
150.71,-20.257
150.64,-20.275
150.74,-20.259
150.74,-20.279
150.76,-20.269
150.74,-20.303
149.09,-20.506
149.08,-20.522
149.39,-20.91
149.4,-20.919
149.41,-20.921
149.44,-20.904
149.08,-20.458
149.07,-20.474
149.06,-20.499
149.69,-20.032
150.61,-20.303
150.8,-20.281
150.79,-20.29
150.58,-20.333
150.67,-20.324
149.09,-20.533
152.03,-21.64
152.03,-21.675
152.03,-21.668
152.07,-21.696
152.08,-21.64
152.08,-21.637
152.1,-21.434
152.1,-21.566
152.14,-21.642
152.14,-21.638
152.15,-21.549
149.6,-22.143
149.61,-22.153
149.84,-22.138
149.94,-22.135
149.87,-22.213
152.3,-21.572
152,-21.571
152.26,-21.572
152.44,-21.572
152.37,-21.58
152.41,-21.579
152.4,-21.594
152.47,-21.963
152.35,-21.976
152.37,-21.98
152.23,-21.979
152.48,-21.982
152.46,-21.982
152.15,-21.64
152.15,-21.914
152.15,-21.636
152.15,-21.91
152.15,-21.919
152.16,-21.763
152.16,-21.561
152.18,-21.497
152.21,-21.459
152.21,-21.862
152.21,-21.417
152.33,-21.59
152.08,-21.592
152.19,-21.604
152.37,-21.606
152.47,-21.611
152.55,-21.549
152.53,-21.573
152.54,-21.662
152.51,-21.713
152.21,-21.529
152.21,-21.864
152.21,-21.411
152.22,-21.515
152.22,-21.422
152.22,-21.444
152.22,-21.864
152.23,-21.95
152.23,-21.74
152.23,-21.743
152.23,-21.738
149.85,-22.149
150.01,-22.083
150,-22.087
152.21,-21.611
152.13,-21.623
152.31,-21.635
152.39,-21.634
152.56,-21.72
152.52,-21.729
152.51,-21.774
152.59,-21.787
152.24,-21.515
152.25,-21.522
152.25,-21.736
152.25,-21.682
152.25,-21.514
152.26,-21.777
152.26,-21.735
152.27,-21.67
149.86,-22.144
149.75,-22.264
149.78,-22.359
149.82,-22.388
149.9,-22.47
150.38,-22.004
152.48,-21.646
152.34,-21.664
152.26,-21.628
152.45,-21.664
152.63,-21.821
152.55,-21.826
152.52,-21.829
152.54,-21.848
152.64,-21.846
152.59,-21.851
152.51,-21.875
152.27,-21.696
152.27,-21.607
152.27,-21.804
152.28,-21.657
152.29,-21.921
152.29,-21.665
152.3,-21.858
152.3,-21.451
152.3,-21.933
150.16,-21.969
152.39,-21.674
152.44,-21.678
152.5,-21.675
152.2,-21.687
152.61,-21.868
152.58,-21.872
152.66,-21.894
152.59,-21.899
152.52,-21.922
152.61,-21.918
152.67,-21.912
152.31,-21.79
152.31,-21.494
152.31,-21.447
152.31,-21.475
152.31,-21.654
152.31,-21.421
152.32,-21.555
152.32,-21.691
152.32,-21.89
150.16,-21.991
150.19,-21.98
150.38,-21.971
150.12,-22.001
150.13,-21.988
152.09,-21.696
152.35,-21.707
152.29,-21.715
152.59,-21.939
152.63,-21.94
152.69,-21.936
152.66,-21.943
152.6,-21.955
152.57,-21.966
152.32,-21.429
152.32,-21.988
152.32,-21.688
152.33,-21.555
152.34,-21.95
152.34,-21.56
152.34,-21.55
152.34,-21.92
150.69,-21.957
150.59,-21.983
152.45,-21.705
152.37,-21.721
152.39,-21.728
152.37,-21.733
152.43,-21.734
152.7,-21.967
152.66,-21.974
152.65,-21.985
152.54,-21.978
152.57,-21.982
150.37,-21.023
151.04,-21.584
152.34,-21.462
152.35,-21.554
152.35,-21.48
152.36,-21.504
152.37,-21.85
152.37,-21.434
152.37,-21.405
152.37,-21.753
150.67,-21.991
151.4,-21.511
151.48,-21.551
151.38,-21.607
152.33,-21.758
152.2,-21.752
152.41,-21.761
150.21,-21.614
151.49,-21.046
151.51,-21.036
151.52,-21.036
151.52,-21.04
151.54,-21.046
151.5,-21.317
151.56,-21.35
151.58,-21.231
152.38,-21.862
152.38,-21.938
152.38,-21.71
152.41,-21.647
152.41,-21.975
152.41,-21.669
152.42,-21.971
152.42,-21.469
152.42,-21.456
152.42,-21.982
152.43,-21.974
152.45,-21.51
151.26,-21.815
151.6,-21.497
151.97,-21.504
151.81,-21.516
151.65,-21.518
152.12,-21.788
152.15,-21.8
152.42,-21.776
152.46,-21.784
151.58,-21.323
151.61,-21.26
151.62,-21.228
151.64,-21.098
151.66,-21.019
151.68,-21
151.69,-21.361
151.71,-21.3
151.71,-21.122
151.72,-21.318
151.76,-21.048
151.76,-21.101
152.47,-21.426
152.47,-21.819
152.49,-21.595
152.51,-21.729
152.54,-21.61
152.54,-21.597
152.56,-21.517
152.57,-21.451
152.58,-21.457
152.61,-21.426
152.63,-21.704
151.54,-21.522
151.77,-21.527
151.92,-21.523
151.71,-21.568
151.62,-21.579
151.77,-21.583
151.94,-21.576
151.92,-21.603
152.38,-21.8
152.48,-21.805
152.45,-21.809
152.41,-21.807
152.21,-21.816
151.78,-21.106
151.79,-21.126
151.8,-21.068
151.82,-21.142
151.86,-21.386
151.89,-21.053
151.91,-21.193
151.92,-21.346
151.94,-21.249
151.96,-21.345
152.63,-21.7
152.64,-21.804
152.65,-21.583
150.64,-21.127
150.79,-21.05
150.91,-21.29
150.93,-21.108
150.96,-21.231
150.96,-21.255
150.97,-21.176
150.97,-21.243
150.98,-21.208
151.52,-21.623
151.58,-21.625
151.62,-21.627
151.79,-21.629
151.61,-21.647
151.69,-21.655
152.43,-21.823
152.46,-21.823
152.31,-21.832
152.47,-21.842
152.27,-21.856
152.17,-21.867
152.44,-21.856
151.97,-21.163
151.98,-21.024
151.99,-21.354
151.99,-21.21
152,-21.203
152.17,-21.083
152.18,-21.377
150.99,-21.272
151,-21.244
151,-21.236
151.03,-21.307
151.08,-21.007
151.08,-21.206
151.08,-21.15
151.1,-21.119
151.13,-21.348
151.97,-21.766
151.91,-21.649
151.98,-21.649
151.57,-21.673
151.62,-21.672
151.55,-21.705
152.41,-21.863
152.35,-21.863
152.31,-21.868
152.13,-21.877
152.12,-21.901
152.36,-21.892
152.4,-21.881
152.18,-21.401
152.25,-21.331
152.25,-21.371
152.26,-21.199
152.28,-21.285
152.3,-21.263
152.35,-21.325
152.41,-21.374
152.41,-21.159
152.42,-21.184
152.43,-21.17
152.47,-21.4
151.14,-21.34
151.15,-21.256
151.19,-21.299
151.23,-21.463
151.27,-21.104
151.29,-21.094
151.33,-21.007
151.36,-21.005
151.39,-21.057
151.4,-21.045
151.4,-21.583
151.41,-21.031
151.88,-21.804
151.99,-21.838
151.93,-21.887
152.44,-21.884
152.27,-21.94
152.48,-21.906
152.45,-21.909
152.47,-21.917
152.39,-21.923
152.47,-21.345
152.49,-21.377
152.5,-21.217
152.5,-21.117
152.51,-21.074
152.55,-21.368
152.55,-21.307
152.58,-21.159
152.58,-21.154
152.59,-21.365
152.67,-21.238
151.45,-21.333
151.5,-21.058
151.5,-21.026
150.95,-21.69
150.91,-21.71
151.02,-21.725
151.74,-21.711
151.86,-21.697
151.98,-21.714
151.94,-21.735
151.77,-21.756
152.11,-21.922
152.43,-21.926
152.49,-21.931
152.21,-21.941
152.68,-21.15
151.62,-21.497
151.64,-21.511
151.87,-21.431
151.89,-21.78
151.89,-21.783
151.9,-21.608
151.9,-21.785
151.9,-21.591
151.92,-21.475
151.93,-21.804
149.89,-21.996
149.87,-22.008
149.83,-22.024
152.42,-21.504
152.39,-21.515
152.49,-21.512
152.05,-21.499
152.46,-21.521
152.44,-21.527
152.47,-21.535
152.46,-21.936
152.42,-21.948
152.31,-21.951
152.06,-21.961
151.94,-21.749
151.96,-21.883
151.96,-21.591
151.97,-21.885
151.99,-21.916
152.01,-21.698
152.02,-21.695
152.02,-21.676
152.02,-21.693
152.03,-21.686
152.03,-21.677
149.81,-22.043
149.93,-22.026
149.97,-22.032
149.61,-22.056
149.99,-22.053
149.93,-22.062
149.57,-22.174
152.28,-21.521
152.2,-21.551
152.4,-21.547
152.27,-21.563
152.46,-21.561
152.61,-21.29
152.58,-21.319
152.55,-21.339
152.51,-21.369
152.52,-21.34
150.3,-21.673
150.28,-21.684
150.29,-21.684
150.32,-21.733
150.29,-21.748
151.13,-21.257
151.37,-21.265
151.2,-21.295
151.11,-21.292
151.12,-21.318
152.16,-21.099
152.26,-21.1
152.31,-21.102
152.35,-21.103
152.16,-21.105
152.19,-21.106
152.52,-21.352
152.51,-21.358
152.5,-21.379
152.53,-21.379
152.51,-21.393
152.52,-21.394
152.53,-21.429
152.58,-21.432
150.32,-21.739
150.34,-21.736
150.43,-21.758
151.17,-21.322
151.1,-21.354
152.05,-21.121
152.32,-21.117
152.39,-21.122
152.47,-21.125
152.49,-21.132
152.18,-21.135
152.14,-21.157
152.52,-21.461
152.51,-21.474
152.56,-21.483
152.51,-21.495
149.48,-21.537
150.1,-21.923
150.12,-21.922
150.23,-21.914
151.28,-21.343
151.37,-21.37
151.33,-21.394
151.25,-21.378
151.27,-21.389
152.43,-21.144
152.31,-21.155
152.19,-21.168
152.48,-21.166
152.1,-21.198
152.37,-21.177
152.4,-21.176
149.49,-21.602
149.47,-21.604
149.44,-21.646
149.46,-21.675
149.47,-21.712
149.47,-21.74
149.46,-21.824
149.48,-21.836
150.1,-21.937
150.13,-21.95
150.15,-21.983
151.48,-21.365
151.42,-21.385
151.42,-21.402
151.42,-21.431
151.47,-21.473
152.3,-21.182
152.45,-21.183
152.34,-21.19
152.32,-21.2
152.5,-21.204
152.49,-21.215
152.24,-21.213
152.01,-21.22
149.77,-21.509
149.72,-21.511
149.72,-21.517
149.8,-21.524
149.65,-21.589
149.82,-21.573
149.82,-21.582
150.27,-21.483
150.59,-21.013
150.69,-21.055
151.29,-21.485
151.2,-21.486
151.55,-21.004
151.56,-21.042
151.57,-21.05
152.4,-21.219
152.47,-21.24
152.51,-21.236
149.81,-21.575
149.87,-21.591
149.77,-21.601
149.81,-21.579
149.84,-21.588
149.87,-21.605
150.87,-21.031
150.92,-21.027
150.78,-21.057
150.83,-21.072
150.78,-21.089
150.9,-21.116
151.61,-21.065
151.6,-21.099
151.6,-21.04
151.64,-21.077
151.66,-21.07
152.27,-21.264
152.31,-21.28
152.33,-21.283
152.23,-21.303
152.22,-21.301
149.83,-21.604
149.78,-21.606
149.82,-21.621
149.76,-21.611
149.79,-21.624
150.83,-21.129
151,-21.112
150.79,-21.133
150.76,-21.136
151.69,-21.082
151.72,-21.096
151.73,-21.107
151.75,-21.114
152.23,-21.297
152.05,-21.296
152.06,-21.313
152.44,-21.305
152.48,-21.318
152.16,-21.332
149.81,-21.628
149.51,-21.602
149.66,-21.652
149.83,-21.656
149.64,-21.675
149.67,-21.698
149.54,-21.688
150.66,-21.164
150.86,-21.139
150.84,-21.156
150.93,-21.164
151.77,-21.12
151.58,-21.123
151.56,-21.151
151.69,-21.16
151.71,-21.148
151.76,-21.149
151.78,-21.151
152.22,-21.342
152.32,-21.342
152.4,-21.328
152.4,-21.325
152.37,-21.329
152.25,-21.35
149.67,-21.719
149.88,-21.712
149.83,-21.753
149.59,-21.743
149.56,-21.754
149.63,-21.737
150.87,-21.186
150.94,-21.192
150.82,-21.201
150.79,-21.214
150.77,-21.226
151.8,-21.162
151.55,-21.182
151.82,-21.181
151.54,-21.205
151.57,-21.208
151.53,-21.218
151.82,-21.2
152.29,-21.358
152.35,-21.351
152.42,-21.356
152.48,-21.354
152.14,-21.36
149.7,-21.798
149.79,-21.816
149.56,-21.829
149.54,-21.847
149.82,-21.83
149.79,-21.837
150.88,-21.224
150.9,-21.246
150.91,-21.258
150.93,-21.278
150.94,-21.308
150.78,-21.332
151.98,-21.215
151.54,-21.233
151.98,-21.227
151.69,-21.239
151.67,-21.244
151.56,-21.253
152.02,-21.377
152.21,-21.392
152.25,-21.397
149.64,-21.842
149.62,-21.854
149.61,-21.864
149.88,-21.9
149.64,-21.911
149.63,-21.915
149.51,-21.928
150.97,-21.384
151.33,-21.024
151.41,-21.013
151.45,-21.01
151.55,-21.042
151.16,-21.013
151.85,-21.241
151.55,-21.299
151.68,-21.292
151.64,-21.322
152.36,-21.414
152.44,-21.413
152.43,-21.42
152.49,-21.412
152.4,-21.424
149.65,-21.932
149.96,-21.919
149.73,-21.943
149.66,-21.95
149.58,-21.957
149.6,-21.958
151.1,-21.03
151.15,-21.035
151.28,-21.042
151.41,-21.037
151.48,-21.039
151.42,-21.042
151.38,-21.05
151.07,-21.071
151.6,-21.334
151.7,-21.333
151.62,-21.337
151.72,-21.347
151.83,-21.346
151.86,-21.371
152.33,-21.43
152.13,-21.437
152.4,-21.452
152.46,-21.444
152.44,-21.466
149.68,-21.959
149.82,-21.97
149.89,-21.97
149.57,-21.982
149.66,-21.978
151.53,-21.015
150.94,-21.649
150.95,-21.664
150.91,-21.673
151.43,-21.072
151.37,-21.079
151.67,-21.377
151.71,-21.374
151.7,-21.381
151.9,-21.399
151.79,-21.411
151.65,-21.419
152.38,-21.472
152.13,-21.493
152.21,-21.5
152.58,-21.023
152.62,-21.039
152.56,-21.06
149.88,-21.985
149.88,-21.98
149.81,-21.99
149.85,-21.99
151.24,-21.096
151.47,-21.105
151.23,-21.121
151.21,-21.122
151.14,-21.122
151.07,-21.123
151.18,-21.138
151.35,-21.139
151.3,-21.156
151.59,-21.444
151.67,-21.452
151.91,-21.444
151.85,-21.46
152.47,-21.009
152.55,-21.059
152.53,-21.073
152.54,-21.104
152.51,-21.114
152.78,-21.109
152.63,-21.118
150.26,-21.519
150.15,-21.525
150.25,-21.618
151.36,-21.164
151.37,-21.159
151.36,-21.162
151.36,-21.172
151.37,-21.171
151.43,-21.164
151.43,-21.171
151.43,-21.168
151.04,-21.177
151.01,-21.215
152.49,-21.007
152.2,-21.019
152.23,-21.02
152.08,-21.033
152.1,-21.042
152.2,-21.052
152.19,-21.067
152.23,-21.063
152.66,-21.102
152.5,-21.139
152.53,-21.137
152.54,-21.139
152.51,-21.176
152.59,-21.172
152.61,-21.163
150.22,-21.653
150.22,-21.658
150.34,-21.651
150.33,-21.664
151.21,-21.194
151.27,-21.202
151.19,-21.216
151.42,-21.212
151.4,-21.24
151.3,-21.248
151.18,-21.256
152.46,-21.064
152.2,-21.075
152.24,-21.086
152.28,-21.086
152.5,-21.086
152.49,-21.101
152.14,-21.089
152.6,-21.186
152.55,-21.184
152.52,-21.201
152.55,-21.205
152.54,-21.228
152.56,-21.222
142.2,-10.551
142.23,-10.545
142.18,-10.542
143.52,-10.543
143.91,-10.543
143.7,-10.544
143.74,-10.545
142.24,-10.545
142.35,-10.549
142.38,-10.552
142.23,-10.553
143.49,-10.554
142.33,-10.557
143.92,-10.555
143.25,-10.56
142.16,-10.563
143.46,-10.564
143.41,-10.566
142.21,-10.585
142.22,-10.574
142.23,-10.57
143.92,-10.573
142.18,-10.574
143.93,-10.588
142.23,-10.59
143.49,-10.595
142.2,-10.596
142.13,-10.725
142.62,-10.596
142.23,-10.596
143.91,-10.596
142.14,-10.611
143.09,-10.598
143.93,-10.599
142.1,-10.603
142.12,-10.603
142.29,-10.603
143.68,-10.607
142.61,-10.61
143.3,-10.611
142.52,-10.612
142.91,-10.6
142.65,-10.623
142.65,-10.65
142.64,-10.638
143.91,-10.612
142.63,-10.612
143.92,-10.614
143.94,-10.617
143.76,-10.62
143.91,-10.621
142.37,-10.621
143.9,-10.623
143.44,-10.623
143.47,-10.624
143.91,-10.624
143.93,-10.636
142.68,-10.643
142.85,-10.652
142.75,-10.659
142.67,-10.668
142.68,-10.668
143.37,-10.623
143.22,-10.637
143.94,-10.637
143.93,-10.639
143.95,-10.653
142.28,-10.69
142.38,-10.703
142.35,-10.709
143.04,-10.647
143.56,-10.621
143.65,-10.634
143.95,-10.673
143.89,-10.672
142.11,-10.352
142.44,-10.71
142.37,-10.713
142.39,-10.741
142.41,-10.714
142.29,-10.722
142.05,-10.356
143.94,-10.353
142.9,-10.357
142.2,-10.36
143.93,-10.363
142.36,-10.368
142.41,-10.729
142.42,-10.736
142.26,-10.737
142.41,-10.744
142.25,-10.742
142.22,-10.744
142.4,-10.76
142.12,-10.375
143.58,-10.372
143.93,-10.374
143.56,-10.377
143.54,-10.378
143.93,-10.386
143.32,-10.387
142.37,-10.759
142.37,-10.764
142.21,-10.766
142.39,-10.768
142.4,-10.772
142.22,-10.795
142.32,-10.839
142.36,-10.842
142.35,-10.845
143.94,-10.396
142.11,-10.402
142.09,-10.402
143.68,-10.404
142.12,-10.405
143.49,-10.406
143.55,-10.409
143.25,-10.413
142.19,-10.422
143.93,-10.427
143.74,-10.428
143.91,-10.435
143.59,-10.44
142.03,-10.85
142.03,-10.882
142.34,-10.887
142.02,-10.946
142.04,-10.959
142.01,-10.972
142.04,-10.498
143.96,-10.682
143.91,-10.44
143.38,-10.442
143.92,-10.447
143.48,-10.451
142.35,-10.451
143.44,-10.452
142.2,-10.452
143.65,-10.453
143.92,-10.459
142.44,-10.461
142.04,-10.468
145.65,-16.317
148.44,-20.065
148.53,-20.092
143.5,-11.764
143.91,-10.47
142.17,-10.473
143.14,-10.474
143.56,-10.475
143.29,-10.476
143.91,-10.478
142.26,-10.478
142.35,-10.485
143.67,-10.485
142.21,-10.485
143.92,-10.491
142.25,-10.494
143.48,-10.495
142.45,-10.497
143.73,-10.496
143.42,-10.501
143.89,-10.503
142.18,-10.51
142.3,-10.512
142.17,-10.514
142.22,-10.514
142.45,-10.528
142.62,-10.517
142.61,-10.533
142.59,-10.534
143.92,-10.518
143.11,-10.526
142.31,-10.537
142.3,-10.52
142.27,-10.528
143.89,-10.538
143.35,-10.54
151.89,-23.291
151.97,-23.33
151.74,-24.006
151.95,-24.262
150.76,-22.448
150.77,-22.479
152.46,-22
152.35,-22.017
152.45,-22.017
150.4,-22.327
151.97,-23.446
151.99,-23.476
151.88,-23.47
152.72,-24.113
152.67,-24.21
152.74,-24.206
152.75,-24.215
153.1,-24.388
153.15,-24.643
153.13,-24.525
152.28,-22.02
152.16,-22.026
152.14,-22.015
152.07,-22.033
152.47,-22.173
152.5,-22.239
152.03,-23.433
152.06,-23.496
152.05,-23.476
152.08,-23.473
151.28,-23.534
152.43,-22.04
152.33,-22.058
152.48,-22.077
152.49,-22.101
152.26,-22.095
152.54,-22.199
152.54,-22.214
152.55,-22.218
152.58,-22.235
152.57,-22.275
152.62,-22.277
152.65,-22.214
152.66,-22.223
152.68,-22.215
152.71,-22.259
151.27,-23.557
151.05,-23.43
151.02,-23.45
151.06,-23.449
151.28,-23.676
152.36,-22.104
152.29,-22.109
152.45,-22.169
152.5,-22.2
152.29,-22.004
152.3,-22.072
152.31,-22.124
152.35,-22.136
152.33,-22.08
152.37,-22.124
152.37,-22.062
152.38,-22.094
152.4,-22.058
152.41,-22.057
152.4,-22.137
151.31,-23.748
151.32,-23.765
151.33,-23.754
151.33,-23.765
151.36,-23.801
151.38,-23.83
150.39,-22.013
150.37,-22.018
150.16,-22.01
152.41,-22.262
152.5,-22.299
152.63,-22.003
152.48,-22.054
152.5,-22.078
152.52,-22.02
152.54,-22.02
152.54,-22.009
152.55,-22.016
152.56,-22.083
152.57,-22.113
152.65,-22.046
152.7,-22.112
151.39,-23.857
151.38,-23.88
151.36,-23.856
151.39,-23.814
151.39,-23.901
151.42,-23.897
151.48,-23.933
151.49,-23.95
151.49,-23.962
151.48,-23.974
150.29,-22.024
150.1,-22.031
150.45,-22.036
150.1,-22.046
150.23,-22.307
152.66,-22.005
152.73,-22.011
152.58,-22.042
152.56,-22.044
152.57,-22.058
152.71,-22.008
152.74,-22.037
150.88,-23.036
150.88,-23.047
151.77,-23.502
151.73,-23.527
151.63,-23.539
150.28,-22.156
150.36,-22.18
150.36,-22.192
150.25,-22.203
150.35,-22.205
150.37,-22.207
152.5,-22.059
152.74,-22.057
152.78,-22.053
152.63,-22.066
152.68,-22.067
152.6,-22.066
152.52,-22.073
152.6,-22.085
150.9,-23.063
150.89,-23.082
150.9,-23.095
150.88,-23.097
150.9,-23.098
151.68,-23.556
151.62,-23.674
151.62,-23.972
151.64,-23.975
151.66,-23.981
151.67,-23.988
150.37,-22.217
150.44,-22.204
150.42,-22.218
150.44,-22.214
150.41,-22.217
152.65,-22.095
152.62,-22.104
152.53,-22.106
152.74,-22.096
152.61,-22.124
152.63,-22.125
152.68,-22.121
152.8,-22.115
150.99,-23.117
150.91,-23.15
150.92,-23.168
150.8,-23.173
150.96,-23.157
152.03,-23.599
152.15,-23.633
150.27,-22.229
150.23,-22.21
150.31,-22.237
152.75,-22.117
152.53,-22.148
152.6,-22.15
152.76,-22.15
152.55,-22.155
152.65,-22.162
150.98,-23.151
150.99,-23.172
150.97,-23.189
150.93,-23.189
152.18,-23.695
152.27,-23.757
152.29,-23.808
150.43,-22.249
150.42,-22.292
150.47,-22.207
150.28,-22.195
152.52,-22.179
152.6,-22.187
152.63,-22.185
152.7,-22.17
152.76,-22.183
150.97,-23.2
150.97,-23.211
150.87,-23.243
150.8,-23.178
152.36,-23.867
150.23,-22.286
150.29,-22.282
150.28,-22.337
150.3,-22.308
150.24,-22.309
152.55,-22.203
152.76,-22.209
152.62,-22.223
152.53,-22.24
152.65,-22.245
150.89,-23.277
150.83,-23.285
150.83,-23.301
150.92,-23.303
150.85,-23.314
150.93,-23.332
152.39,-23.902
152.4,-23.921
150.82,-23.223
150.83,-23.235
151.32,-23.772
151.26,-23.799
150.2,-22.32
150.45,-22.308
150.31,-22.328
150.46,-22.35
152.68,-22.244
152.56,-22.257
152.6,-22.264
152.74,-22.271
152.66,-22.308
150.94,-23.349
150.94,-23.361
150.81,-23.357
150.86,-23.422
151.09,-23.155
151.34,-23.834
151.6,-23.427
151.82,-23.5
151.82,-23.509
152.09,-23.679
152.46,-23.871
150.33,-22.356
150.27,-22.358
150.34,-22.434
150.65,-22.006
152.74,-22.299
152.73,-22.325
152.68,-22.332
152.73,-22.343
152.54,-22.367
152.56,-22.38
151.07,-23.163
151.08,-23.163
151.1,-23.198
151.09,-23.291
151.07,-23.347
151.15,-23.4
150.65,-22.029
150.67,-22.088
150.54,-22.266
150.26,-22.342
152.71,-22.361
152.72,-22.356
152.6,-22.395
152.65,-22.381
152.61,-22.377
151.18,-23.408
151.17,-23.417
151.02,-23.429
151.83,-23.005
151.78,-23.032
150.72,-22.338
150.68,-22.358
150.51,-22.383
150.8,-22.564
150.96,-22.656
150.99,-22.731
150.81,-22.798
150.79,-22.934
151.84,-23.049
151.6,-23.078
151.67,-23.091
151.9,-23.185
150.66,-22.334
150.74,-22.405
150.75,-22.411
150.73,-22.431
151.54,-22.644
151.66,-22.856
151.77,-22.847
151.78,-22.883
151.72,-22.911
152.67,-22.613
150.77,-22.518
151.89,-23.205
151.78,-23.246
151.76,-23.257
151.94,-23.27
151.77,-23.295
143.98,-11.732
151.07,-23.155
